insert into customer (customer_id, name, email, contact, DOB) values (101, 'Christi', 'ccrouch0@ucoz.com', '4771906595', '21-02-2023');
insert into customer (customer_id, name, email, contact, DOB) values (102, 'Corrinne', 'cpigdon1@businessinsider.com', '3675391549', '04-06-2022');
insert into customer (customer_id, name, email, contact, DOB) values (103, 'Xever', 'xgun2@blinklist.com', '4031319159', '24-06-2022');
insert into customer (customer_id, name, email, contact, DOB) values (104, 'Rutherford', 'raleksandrikin3@state.tx.us', '5299783454', '19-06-2022');
insert into customer (customer_id, name, email, contact, DOB) values (105, 'Cary', 'cisard4@dot.gov', '5013880833', '24-04-2022');
insert into customer (customer_id, name, email, contact, DOB) values (106, 'Tootsie', 'tdumphry5@dedecms.com', '5077491812', '06-04-2022');
insert into customer (customer_id, name, email, contact, DOB) values (107, 'Golda', 'gchipps6@exblog.jp', '2466489343', '11-05-2022');
insert into customer (customer_id, name, email, contact, DOB) values (108, 'Brinn', 'badamkiewicz7@amazon.co.jp', '7002744697', '21-05-2022');
insert into customer (customer_id, name, email, contact, DOB) values (109, 'Seward', 'sbrowncey8@independent.co.uk', '7454888788', '10-11-2022');
insert into customer (customer_id, name, email, contact, DOB) values (110, 'Britni', 'blonghi9@163.com', '9753200742', '15-02-2023');
insert into customer (customer_id, name, email, contact, DOB) values (111, 'Stanly', 'scausera@tuttocitta.it', '8822248254', '19-04-2022');
insert into customer (customer_id, name, email, contact, DOB) values (112, 'Cybil', 'clipsettb@marketwatch.com', '3758593945', '26-05-2022');
insert into customer (customer_id, name, email, contact, DOB) values (113, 'Aurie', 'adesmondc@ed.gov', '3441451500', '30-10-2022');
insert into customer (customer_id, name, email, contact, DOB) values (114, 'Lavina', 'lhuged@gizmodo.com', '2136338555', '07-01-2023');
insert into customer (customer_id, name, email, contact, DOB) values (115, 'Chad', 'cdemangee@ycombinator.com', '2455264262', '31-07-2022');
insert into customer (customer_id, name, email, contact, DOB) values (116, 'Zared', 'zbanisterf@usnews.com', '2549480633', '25-06-2022');
insert into customer (customer_id, name, email, contact, DOB) values (117, 'Cherrita', 'cheffrong@wix.com', '2783874984', '25-08-2022');
insert into customer (customer_id, name, email, contact, DOB) values (118, 'Alana', 'alattimerh@spotify.com', '5737598796', '16-01-2023');
insert into customer (customer_id, name, email, contact, DOB) values (119, 'Una', 'ugendersi@ebay.com', '8267294051', '19-08-2022');
insert into customer (customer_id, name, email, contact, DOB) values (120, 'Dukey', 'dpattisonj@google.com.hk', '3786087001', '28-06-2022');
insert into customer (customer_id, name, email, contact, DOB) values (121, 'Wylie', 'wcotilardk@latimes.com', '6999451023', '31-12-2022');
insert into customer (customer_id, name, email, contact, DOB) values (122, 'Kissee', 'kbigglestonel@smh.com.au', '1231980412', '08-04-2022');
insert into customer (customer_id, name, email, contact, DOB) values (123, 'Ertha', 'emachargm@springer.com', '4408114969', '31-12-2022');
insert into customer (customer_id, name, email, contact, DOB) values (124, 'Stacy', 'smcgilbenn@mit.edu', '3152627346', '24-03-2023');
insert into customer (customer_id, name, email, contact, DOB) values (125, 'Reuven', 'rvobeso@virginia.edu', '8985518947', '20-01-2023');
insert into product (product_id, name, price) values (201, 'umbrella', 26.2);
insert into product (product_id, name, price) values (202, 'charger', 32.9);
insert into product (product_id, name, price) values (203, 'sneakers', 28.1);
insert into product (product_id, name, price) values (204, 'popcorn', 24.59);
insert into product (product_id, name, price) values (205, 'sneakers', 22.6);
insert into product (product_id, name, price) values (206, 'microphone', 38.73);
insert into product (product_id, name, price) values (207, 'perfume', 26.57);
insert into product (product_id, name, price) values (208, 'slippers', 32.44);
insert into product (product_id, name, price) values (209, 'wallet', 11.54);
insert into product (product_id, name, price) values (210, 'lamp', 33.01);
insert into product (product_id, name, price) values (211, 'microphone', 30.98);
insert into product (product_id, name, price) values (212, 'candle', 47.86);
insert into product (product_id, name, price) values (213, 'microphone', 49.46);
insert into product (product_id, name, price) values (214, 'microphone', 25.27);
insert into product (product_id, name, price) values (215, 'conditioner', 34.52);
insert into product (product_id, name, price) values (216, 'sailboat', 11.18);
insert into product (product_id, name, price) values (217, 'dumbbell', 46.51);
insert into product (product_id, name, price) values (218, 'keyboard', 49.58);
insert into product (product_id, name, price) values (219, 'beardtrimmer', 45.44);
insert into product (product_id, name, price) values (220, 'sweater', 25.43);
insert into product (product_id, name, price) values (221, 'conditioner', 39.43);
insert into product (product_id, name, price) values (222, 'pillow', 42.87);
insert into product (product_id, name, price) values (223, 'lipstick', 30.81);
insert into product (product_id, name, price) values (224, 'popcorn', 39.34);
insert into product (product_id, name, price) values (225, 'lipstick', 10.49);
insert into orders (order_id, status, date, customer_id) values (301, 'Delivered', '23-11-2022', 110);
insert into orders (order_id, status, date, customer_id) values (302, 'Ordered', '18-11-2022', 104);
insert into orders (order_id, status, date, customer_id) values (303, 'Cancelled', '30-12-2022', 114);
insert into orders (order_id, status, date, customer_id) values (304, 'Delivered', '29-12-2022', 110);
insert into orders (order_id, status, date, customer_id) values (305, 'Ordered', '10-05-2022', 107);
insert into orders (order_id, status, date, customer_id) values (306, 'Delivered', '02-04-2022', 116);
insert into orders (order_id, status, date, customer_id) values (307, 'Cancelled', '20-11-2022', 107);
insert into orders (order_id, status, date, customer_id) values (308, 'Ordered', '30-11-2022', 104);
insert into orders (order_id, status, date, customer_id) values (309, 'Delivered', '27-10-2022', 122);
insert into orders (order_id, status, date, customer_id) values (310, 'Cancelled', '23-11-2022', 102);
insert into address (apartment, street, city, state, pincode, customer_id) values (82, 'Stephen', 'Gaithersburg', 'Maryland', '20883', 109);
insert into address (apartment, street, city, state, pincode, customer_id) values (30, 'Barnett', 'Omaha', 'Nebraska', '68179', 119);
insert into address (apartment, street, city, state, pincode, customer_id) values (66, 'Porter', 'Austin', 'Texas', '78715', 105);
insert into address (apartment, street, city, state, pincode, customer_id) values (93, 'Holy Cross', 'Austin', 'Texas', '78778', 102);
insert into address (apartment, street, city, state, pincode, customer_id) values (93, 'Gulseth', 'Worcester', 'Massachusetts', '01610', 115);
insert into address (apartment, street, city, state, pincode, customer_id) values (21, 'Dryden', 'Plano', 'Texas', '75074', 115);
insert into address (apartment, street, city, state, pincode, customer_id) values (99, 'Park Meadow', 'Lexington', 'Kentucky', '40576', 125);
insert into address (apartment, street, city, state, pincode, customer_id) values (43, 'Kings', 'Amarillo', 'Texas', '79171', 122);
insert into address (apartment, street, city, state, pincode, customer_id) values (98, 'Mallard', 'Topeka', 'Kansas', '66622', 113);
insert into address (apartment, street, city, state, pincode, customer_id) values (31, 'Hermina', 'Detroit', 'Michigan', '48275', 115);
insert into address (apartment, street, city, state, pincode, customer_id) values (18, 'Rigney', 'Colorado Springs', 'Colorado', '80915', 117);
insert into address (apartment, street, city, state, pincode, customer_id) values (10, '3rd', 'Houston', 'Texas', '77206', 121);
insert into address (apartment, street, city, state, pincode, customer_id) values (14, 'Hooker', 'Akron', 'Ohio', '44329', 105);
insert into address (apartment, street, city, state, pincode, customer_id) values (92, 'Garrison', 'Amarillo', 'Texas', '79116', 107);
insert into address (apartment, street, city, state, pincode, customer_id) values (60, 'Springs', 'Springfield', 'Illinois', '62776', 125);
insert into address (apartment, street, city, state, pincode, customer_id) values (64, 'Fisk', 'Fairbanks', 'Alaska', '99709', 107);
insert into address (apartment, street, city, state, pincode, customer_id) values (10, 'Lakeland', 'Kansas City', 'Missouri', '64149', 102);
insert into address (apartment, street, city, state, pincode, customer_id) values (22, 'Lake View', 'Pocatello', 'Idaho', '83206', 119);
insert into address (apartment, street, city, state, pincode, customer_id) values (79, 'Blue Bill Park', 'San Diego', 'California', '92132', 101);
insert into address (apartment, street, city, state, pincode, customer_id) values (94, 'Cardinal', 'Shawnee Mission', 'Kansas', '66286', 120);
insert into address (apartment, street, city, state, pincode, customer_id) values (57, 'Sundown', 'Van Nuys', 'California', '91411', 110);
insert into address (apartment, street, city, state, pincode, customer_id) values (40, 'Maryland', 'Decatur', 'Georgia', '30089', 102);
insert into address (apartment, street, city, state, pincode, customer_id) values (19, 'Raven', 'Omaha', 'Nebraska', '68124', 115);
insert into address (apartment, street, city, state, pincode, customer_id) values (78, 'Atwood', 'Houston', 'Texas', '77095', 105);
insert into address (apartment, street, city, state, pincode, customer_id) values (45, 'Roth', 'Jackson', 'Mississippi', '39296', 123);
insert into payment (payment_id, mode, order_id) values (401, 'Wallet', 301);
insert into payment (payment_id, mode, order_id) values (402, 'Card', 302);
insert into payment (payment_id, mode, order_id) values (403, 'Card', 303);
insert into payment (payment_id, mode, order_id) values (404, 'UPI', 304);
insert into payment (payment_id, mode, order_id) values (405, 'Wallet', 305);
insert into payment (payment_id, mode, order_id) values (406, 'UPI', 306);
insert into payment (payment_id, mode, order_id) values (407, 'UPI', 307);
insert into payment (payment_id, mode, order_id) values (408, 'COD', 308);
insert into payment (payment_id, mode, order_id) values (409, 'COD', 309);
insert into payment (payment_id, mode, order_id) values (410, 'COD', 310);
insert into seller (seller_id, name, contact) values (501, 'Padraic', '4869419743');
insert into seller (seller_id, name, contact) values (502, 'Fonsie', '1313871017');
insert into seller (seller_id, name, contact) values (503, 'Joanne', '3557747088');
insert into seller (seller_id, name, contact) values (504, 'Connie', '2862058724');
insert into seller (seller_id, name, contact) values (505, 'Garrott', '2392229497');
insert into seller (seller_id, name, contact) values (506, 'Annaliese', '1538408041');
insert into seller (seller_id, name, contact) values (507, 'Thaddus', '5587487280');
insert into seller (seller_id, name, contact) values (508, 'Stormi', '8966025352');
insert into seller (seller_id, name, contact) values (509, 'Tailor', '4831349930');
insert into seller (seller_id, name, contact) values (510, 'Marita', '8953396485');
insert into seller (seller_id, name, contact) values (511, 'Meggi', '7381083012');
insert into seller (seller_id, name, contact) values (512, 'Rory', '9448841441');
insert into seller (seller_id, name, contact) values (513, 'Cristian', '4656114049');
insert into seller (seller_id, name, contact) values (514, 'Micaela', '9947660260');
insert into seller (seller_id, name, contact) values (515, 'Allix', '1302244777');
insert into seller (seller_id, name, contact) values (516, 'Brod', '2026826916');
insert into seller (seller_id, name, contact) values (517, 'Fionna', '8823138943');
insert into seller (seller_id, name, contact) values (518, 'Tedra', '7255344059');
insert into seller (seller_id, name, contact) values (519, 'Art', '5923215601');
insert into seller (seller_id, name, contact) values (520, 'Daffy', '8037305246');
insert into seller (seller_id, name, contact) values (521, 'Katie', '7841105483');
insert into seller (seller_id, name, contact) values (522, 'Patrizia', '1156916231');
insert into seller (seller_id, name, contact) values (523, 'Keenan', '7841117567');
insert into seller (seller_id, name, contact) values (524, 'Haze', '1448175995');
insert into seller (seller_id, name, contact) values (525, 'Lyda', '6869030449');
insert into sells (seller_id, product_id, stock) values (515, 224, 10);
insert into sells (seller_id, product_id, stock) values (501, 223, 2);
insert into sells (seller_id, product_id, stock) values (515, 223, 12);
insert into sells (seller_id, product_id, stock) values (511, 220, 13);
insert into sells (seller_id, product_id, stock) values (506, 207, 0);
insert into sells (seller_id, product_id, stock) values (507, 201, 0);
insert into sells (seller_id, product_id, stock) values (513, 217, 6);
insert into sells (seller_id, product_id, stock) values (519, 207, 15);
insert into sells (seller_id, product_id, stock) values (504, 208, 6);
insert into sells (seller_id, product_id, stock) values (505, 210, 2);
insert into sells (seller_id, product_id, stock) values (508, 216, 5);
insert into sells (seller_id, product_id, stock) values (523, 212, 11);
insert into sells (seller_id, product_id, stock) values (506, 215, 10);
insert into sells (seller_id, product_id, stock) values (508, 205, 6);
insert into sells (seller_id, product_id, stock) values (516, 210, 2);
insert into sells (seller_id, product_id, stock) values (518, 217, 11);
insert into sells (seller_id, product_id, stock) values (518, 216, 8);
insert into sells (seller_id, product_id, stock) values (502, 207, 13);
insert into sells (seller_id, product_id, stock) values (523, 209, 10);
insert into sells (seller_id, product_id, stock) values (522, 217, 10);
insert into sells (seller_id, product_id, stock) values (517, 206, 1);
insert into sells (seller_id, product_id, stock) values (514, 213, 4);
insert into sells (seller_id, product_id, stock) values (508, 224, 12);
insert into sells (seller_id, product_id, stock) values (522, 213, 5);
insert into sells (seller_id, product_id, stock) values (511, 223, 8);
insert into contains (order_id, counts, product_id) values (301, 14, 218);
insert into contains (order_id, counts, product_id) values (302, 12, 223);
insert into contains (order_id, counts, product_id) values (310, 9, 219);
insert into contains (order_id, counts, product_id) values (303, 6, 221);
insert into contains (order_id, counts, product_id) values (301, 13, 223);
insert into contains (order_id, counts, product_id) values (306, 14, 210);
insert into contains (order_id, counts, product_id) values (301, 11, 209);
insert into contains (order_id, counts, product_id) values (304, 1, 205);
insert into contains (order_id, counts, product_id) values (308, 2, 214);
insert into contains (order_id, counts, product_id) values (307, 6, 220);
insert into contains (order_id, counts, product_id) values (309, 5, 219);
insert into contains (order_id, counts, product_id) values (303, 14, 211);
insert into contains (order_id, counts, product_id) values (307, 11, 216);
insert into contains (order_id, counts, product_id) values (304, 7, 221);
insert into contains (order_id, counts, product_id) values (301, 1, 204);
insert into contains (order_id, counts, product_id) values (303, 14, 204);
insert into contains (order_id, counts, product_id) values (305, 15, 214);
insert into contains (order_id, counts, product_id) values (307, 8, 204);
insert into contains (order_id, counts, product_id) values (310, 4, 221);
insert into contains (order_id, counts, product_id) values (301, 6, 210);
insert into contains (order_id, counts, product_id) values (308, 7, 202);
insert into contains (order_id, counts, product_id) values (309, 2, 214);
insert into contains (order_id, counts, product_id) values (310, 13, 218);
insert into contains (order_id, counts, product_id) values (305, 4, 203);
insert into contains (order_id, counts, product_id) values (301, 1, 215);