insert into customer (customer_id, name, email, contact, DOB) values (101, 'Christi', 'ccrouch0@ucoz.com', '4771906595', '21-02-2023');
insert into customer (customer_id, name, email, contact, DOB) values (102, 'Corrinne', 'cpigdon1@businessinsider.com', '3675391549', '04-06-2022');
insert into customer (customer_id, name, email, contact, DOB) values (103, 'Xever', 'xgun2@blinklist.com', '4031319159', '24-06-2022');
insert into customer (customer_id, name, email, contact, DOB) values (104, 'Rutherford', 'raleksandrikin3@state.tx.us', '5299783454', '19-06-2022');
insert into customer (customer_id, name, email, contact, DOB) values (105, 'Cary', 'cisard4@dot.gov', '5013880833', '24-04-2022');
insert into customer (customer_id, name, email, contact, DOB) values (106, 'Tootsie', 'tdumphry5@dedecms.com', '5077491812', '06-04-2022');
insert into customer (customer_id, name, email, contact, DOB) values (107, 'Golda', 'gchipps6@exblog.jp', '2466489343', '11-05-2022');
insert into customer (customer_id, name, email, contact, DOB) values (108, 'Brinn', 'badamkiewicz7@amazon.co.jp', '7002744697', '21-05-2022');
insert into customer (customer_id, name, email, contact, DOB) values (109, 'Seward', 'sbrowncey8@independent.co.uk', '7454888788', '10-11-2022');
insert into customer (customer_id, name, email, contact, DOB) values (110, 'Britni', 'blonghi9@163.com', '9753200742', '15-02-2023');
insert into customer (customer_id, name, email, contact, DOB) values (111, 'Stanly', 'scausera@tuttocitta.it', '8822248254', '19-04-2022');
insert into customer (customer_id, name, email, contact, DOB) values (112, 'Cybil', 'clipsettb@marketwatch.com', '3758593945', '26-05-2022');
insert into customer (customer_id, name, email, contact, DOB) values (113, 'Aurie', 'adesmondc@ed.gov', '3441451500', '30-10-2022');
insert into customer (customer_id, name, email, contact, DOB) values (114, 'Lavina', 'lhuged@gizmodo.com', '2136338555', '07-01-2023');
insert into customer (customer_id, name, email, contact, DOB) values (115, 'Chad', 'cdemangee@ycombinator.com', '2455264262', '31-07-2022');
insert into customer (customer_id, name, email, contact, DOB) values (116, 'Zared', 'zbanisterf@usnews.com', '2549480633', '25-06-2022');
insert into customer (customer_id, name, email, contact, DOB) values (117, 'Cherrita', 'cheffrong@wix.com', '2783874984', '25-08-2022');
insert into customer (customer_id, name, email, contact, DOB) values (118, 'Alana', 'alattimerh@spotify.com', '5737598796', '16-01-2023');
insert into customer (customer_id, name, email, contact, DOB) values (119, 'Una', 'ugendersi@ebay.com', '8267294051', '19-08-2022');
insert into customer (customer_id, name, email, contact, DOB) values (120, 'Dukey', 'dpattisonj@google.com.hk', '3786087001', '28-06-2022');
insert into customer (customer_id, name, email, contact, DOB) values (121, 'Wylie', 'wcotilardk@latimes.com', '6999451023', '31-12-2022');
insert into customer (customer_id, name, email, contact, DOB) values (122, 'Kissee', 'kbigglestonel@smh.com.au', '1231980412', '08-04-2022');
insert into customer (customer_id, name, email, contact, DOB) values (123, 'Ertha', 'emachargm@springer.com', '4408114969', '31-12-2022');
insert into customer (customer_id, name, email, contact, DOB) values (124, 'Stacy', 'smcgilbenn@mit.edu', '3152627346', '24-03-2023');
insert into customer (customer_id, name, email, contact, DOB) values (125, 'Reuven', 'rvobeso@virginia.edu', '8985518947', '20-01-2023');
insert into product (product_id, name) values (201, 'umbrella');
insert into product (product_id, name) values (202, 'charger');
insert into product (product_id, name) values (203, 'sneakers');
insert into product (product_id, name) values (204, 'popcorn');
insert into product (product_id, name) values (205, 'sneakers');
insert into product (product_id, name) values (206, 'microphone');
insert into product (product_id, name) values (207, 'perfume');
insert into product (product_id, name) values (208, 'slippers');
insert into product (product_id, name) values (209, 'wallet');
insert into product (product_id, name) values (210, 'lamp');
insert into product (product_id, name) values (211, 'microphone');
insert into product (product_id, name) values (212, 'candle');
insert into product (product_id, name) values (213, 'microphone');
insert into product (product_id, name) values (214, 'microphone');
insert into product (product_id, name) values (215, 'conditioner');
insert into product (product_id, name) values (216, 'sailboat');
insert into product (product_id, name) values (217, 'dumbbell');
insert into product (product_id, name) values (218, 'keyboard');
insert into product (product_id, name) values (219, 'beardtrimmer');
insert into product (product_id, name) values (220, 'sweater');
insert into product (product_id, name) values (221, 'conditioner');
insert into product (product_id, name) values (222, 'pillow');
insert into product (product_id, name) values (223, 'lipstick');
insert into product (product_id, name) values (224, 'popcorn');
insert into product (product_id, name) values (225, 'lipstick');
insert into orders (order_id, status, date, customer_id) values (301, 'Delivered', '23-11-2022', 110);
insert into orders (order_id, status, date, customer_id) values (302, 'Ordered', '18-11-2022', 104);
insert into orders (order_id, status, date, customer_id) values (303, 'Cancelled', '30-12-2022', 114);
insert into orders (order_id, status, date, customer_id) values (304, 'Delivered', '29-12-2022', 110);
insert into orders (order_id, status, date, customer_id) values (305, 'Ordered', '10-05-2022', 107);
insert into orders (order_id, status, date, customer_id) values (306, 'Delivered', '02-04-2022', 116);
insert into orders (order_id, status, date, customer_id) values (307, 'Cancelled', '20-11-2022', 107);
insert into orders (order_id, status, date, customer_id) values (308, 'Ordered', '30-11-2022', 104);
insert into orders (order_id, status, date, customer_id) values (309, 'Delivered', '27-10-2022', 122);
insert into orders (order_id, status, date, customer_id) values (310, 'Cancelled', '23-11-2022', 102);
insert into address (apartment, street, city, state, pincode, customer_id) values (82, 'Stephen', 'Gaithersburg', 'Maryland', '20883', 109);
insert into address (apartment, street, city, state, pincode, customer_id) values (30, 'Barnett', 'Omaha', 'Nebraska', '68179', 119);
insert into address (apartment, street, city, state, pincode, customer_id) values (66, 'Porter', 'Austin', 'Texas', '78715', 105);
insert into address (apartment, street, city, state, pincode, customer_id) values (93, 'Holy Cross', 'Austin', 'Texas', '78778', 102);
insert into address (apartment, street, city, state, pincode, customer_id) values (93, 'Gulseth', 'Worcester', 'Massachusetts', '01610', 115);
insert into address (apartment, street, city, state, pincode, customer_id) values (21, 'Dryden', 'Plano', 'Texas', '75074', 115);
insert into address (apartment, street, city, state, pincode, customer_id) values (99, 'Park Meadow', 'Lexington', 'Kentucky', '40576', 125);
insert into address (apartment, street, city, state, pincode, customer_id) values (43, 'Kings', 'Amarillo', 'Texas', '79171', 122);
insert into address (apartment, street, city, state, pincode, customer_id) values (98, 'Mallard', 'Topeka', 'Kansas', '66622', 113);
insert into address (apartment, street, city, state, pincode, customer_id) values (31, 'Hermina', 'Detroit', 'Michigan', '48275', 115);
insert into address (apartment, street, city, state, pincode, customer_id) values (18, 'Rigney', 'Colorado Springs', 'Colorado', '80915', 117);
insert into address (apartment, street, city, state, pincode, customer_id) values (10, '3rd', 'Houston', 'Texas', '77206', 121);
insert into address (apartment, street, city, state, pincode, customer_id) values (14, 'Hooker', 'Akron', 'Ohio', '44329', 105);
insert into address (apartment, street, city, state, pincode, customer_id) values (92, 'Garrison', 'Amarillo', 'Texas', '79116', 107);
insert into address (apartment, street, city, state, pincode, customer_id) values (60, 'Springs', 'Springfield', 'Illinois', '62776', 125);
insert into address (apartment, street, city, state, pincode, customer_id) values (64, 'Fisk', 'Fairbanks', 'Alaska', '99709', 107);
insert into address (apartment, street, city, state, pincode, customer_id) values (10, 'Lakeland', 'Kansas City', 'Missouri', '64149', 102);
insert into address (apartment, street, city, state, pincode, customer_id) values (22, 'Lake View', 'Pocatello', 'Idaho', '83206', 119);
insert into address (apartment, street, city, state, pincode, customer_id) values (79, 'Blue Bill Park', 'San Diego', 'California', '92132', 101);
insert into address (apartment, street, city, state, pincode, customer_id) values (94, 'Cardinal', 'Shawnee Mission', 'Kansas', '66286', 120);
insert into address (apartment, street, city, state, pincode, customer_id) values (57, 'Sundown', 'Van Nuys', 'California', '91411', 110);
insert into address (apartment, street, city, state, pincode, customer_id) values (40, 'Maryland', 'Decatur', 'Georgia', '30089', 102);
insert into address (apartment, street, city, state, pincode, customer_id) values (19, 'Raven', 'Omaha', 'Nebraska', '68124', 115);
insert into address (apartment, street, city, state, pincode, customer_id) values (78, 'Atwood', 'Houston', 'Texas', '77095', 105);
insert into address (apartment, street, city, state, pincode, customer_id) values (45, 'Roth', 'Jackson', 'Mississippi', '39296', 123);
insert into payment (payment_id, mode, order_id, status) values (402, 'Card', 302, 'Accepted');
insert into payment (payment_id, mode, order_id, status) values (403, 'Card', 303, 'Accepted');
insert into payment (payment_id, mode, order_id, status) values (404, 'UPI', 304, 'Pending');
insert into payment (payment_id, mode, order_id, status) values (405, 'Wallet', 305, 'Accepted');
insert into payment (payment_id, mode, order_id, status) values (406, 'UPI', 306, 'Accepted');
insert into payment (payment_id, mode, order_id, status) values (401, 'Wallet', 301, 'Failed');
insert into payment (payment_id, mode, order_id, status) values (407, 'UPI', 307, 'Accepted');
insert into payment (payment_id, mode, order_id, status) values (408, 'COD', 308, 'Accepted');
insert into payment (payment_id, mode, order_id, status) values (409, 'COD', 309, 'Pending');
insert into payment (payment_id, mode, order_id, status) values (410, 'COD', 310, 'Accepted');
insert into seller (seller_id, name, contact) values (501, 'Padraic', '4869419743');
insert into seller (seller_id, name, contact) values (502, 'Fonsie', '1313871017');
insert into seller (seller_id, name, contact) values (503, 'Joanne', '3557747088');
insert into seller (seller_id, name, contact) values (504, 'Connie', '2862058724');
insert into seller (seller_id, name, contact) values (505, 'Garrott', '2392229497');
insert into seller (seller_id, name, contact) values (506, 'Annaliese', '1538408041');
insert into seller (seller_id, name, contact) values (507, 'Thaddus', '5587487280');
insert into seller (seller_id, name, contact) values (508, 'Stormi', '8966025352');
insert into seller (seller_id, name, contact) values (509, 'Tailor', '4831349930');
insert into seller (seller_id, name, contact) values (510, 'Marita', '8953396485');
insert into seller (seller_id, name, contact) values (511, 'Meggi', '7381083012');
insert into seller (seller_id, name, contact) values (512, 'Rory', '9448841441');
insert into seller (seller_id, name, contact) values (513, 'Cristian', '4656114049');
insert into seller (seller_id, name, contact) values (514, 'Micaela', '9947660260');
insert into seller (seller_id, name, contact) values (515, 'Allix', '1302244777');
insert into seller (seller_id, name, contact) values (516, 'Brod', '2026826916');
insert into seller (seller_id, name, contact) values (517, 'Fionna', '8823138943');
insert into seller (seller_id, name, contact) values (518, 'Tedra', '7255344059');
insert into seller (seller_id, name, contact) values (519, 'Art', '5923215601');
insert into seller (seller_id, name, contact) values (520, 'Daffy', '8037305246');
insert into seller (seller_id, name, contact) values (521, 'Katie', '7841105483');
insert into seller (seller_id, name, contact) values (522, 'Patrizia', '1156916231');
insert into seller (seller_id, name, contact) values (523, 'Keenan', '7841117567');
insert into seller (seller_id, name, contact) values (524, 'Haze', '1448175995');
insert into seller (seller_id, name, contact) values (525, 'Lyda', '6869030449');
insert into sells (seller_id, product_id, price, stock) values (518, 210, 127.77, 19);
insert into sells (seller_id, product_id, price, stock) values (518, 214, 461.3, 8);
insert into sells (seller_id, product_id, price, stock) values (521, 202, 220.41, 19);
insert into sells (seller_id, product_id, price, stock) values (523, 217, 393.68, 7);
insert into sells (seller_id, product_id, price, stock) values (513, 205, 348.92, 19);
insert into sells (seller_id, product_id, price, stock) values (507, 224, 405.27, 16);
insert into sells (seller_id, product_id, price, stock) values (503, 212, 182.45, 20);
insert into sells (seller_id, product_id, price, stock) values (515, 216, 487.02, 19);
insert into sells (seller_id, product_id, price, stock) values (505, 225, 29.66, 9);
insert into sells (seller_id, product_id, price, stock) values (507, 204, 448.09, 5);
insert into sells (seller_id, product_id, price, stock) values (523, 215, 77.59, 11);
insert into sells (seller_id, product_id, price, stock) values (524, 206, 98.09, 17);
insert into sells (seller_id, product_id, price, stock) values (510, 220, 451.6, 9);
insert into sells (seller_id, product_id, price, stock) values (525, 223, 119.97, 11);
insert into sells (seller_id, product_id, price, stock) values (513, 214, 10.28, 10);
insert into sells (seller_id, product_id, price, stock) values (513, 204, 122.08, 16);
insert into sells (seller_id, product_id, price, stock) values (511, 209, 124.57, 12);
insert into sells (seller_id, product_id, price, stock) values (524, 221, 456.17, 11);
insert into sells (seller_id, product_id, price, stock) values (505, 203, 259.31, 18);
insert into sells (seller_id, product_id, price, stock) values (518, 203, 213.73, 11);
insert into sells (seller_id, product_id, price, stock) values (505, 209, 397.76, 7);
insert into sells (seller_id, product_id, price, stock) values (514, 223, 91.52, 14);
insert into sells (seller_id, product_id, price, stock) values (511, 204, 198.58, 10);
insert into sells (seller_id, product_id, price, stock) values (523, 218, 148.57, 7);
insert into sells (seller_id, product_id, price, stock) values (510, 209, 475.72, 9);
insert into contains (seller_id, product_id, order_id, cost, counts) values (518, 210, 301, 486.65, 5);
insert into contains (seller_id, product_id, order_id, cost, counts) values (518, 214, 302, 198.38, 7);
insert into contains (seller_id, product_id, order_id, cost, counts) values (521, 202, 303, 143.2, 11);
insert into contains (seller_id, product_id, order_id, cost, counts) values (523, 217, 304, 18.61, 3);
insert into contains (seller_id, product_id, order_id, cost, counts) values (513, 205, 305, 201.46, 14);