insert into customer (customer_id, cname, email, contact, passkey, dob) values (101, 'Will', 'wbrotherwood0@com.com', '3064790922', 'Will101', '07-10-2022');
insert into customer (customer_id, cname, email, contact, passkey, dob) values (102, 'Rad', 'rromero1@go.com', '5779554880', 'Rad102', '15-04-2022');
insert into customer (customer_id, cname, email, contact, passkey, dob) values (103, 'Carie', 'crycraft2@smh.com.au', '1469935671', 'Carie103', '26-01-2022');
insert into customer (customer_id, cname, email, contact, passkey, dob) values (104, 'Malinde', 'mstiff3@google.ca', '6418179554', 'Malinde104', '07-10-2022');
insert into customer (customer_id, cname, email, contact, passkey, dob) values (105, 'Veradis', 'vdemattia4@goo.gl', '3929322418', 'Veradis105', '25-12-2022');
insert into customer (customer_id, cname, email, contact, passkey, dob) values (106, 'Janek', 'jkeddle5@cnn.com', '7253241649', 'Janek106', '14-04-2022');
insert into customer (customer_id, cname, email, contact, passkey, dob) values (107, 'Gracie', 'ghouston6@usa.gov', '8453366418', 'Gracie107', '25-10-2022');
insert into customer (customer_id, cname, email, contact, passkey, dob) values (108, 'Abbi', 'ahardage7@amazon.co.jp', '2552739013', 'Abbi108', '05-05-2022');
insert into customer (customer_id, cname, email, contact, passkey, dob) values (109, 'Terrence', 'tsweetzer8@state.gov', '4347747908', 'Terrence109', '23-01-2022');
insert into customer (customer_id, cname, email, contact, passkey, dob) values (110, 'Daveen', 'dmenier9@a8.net', '2193067247', 'Daveen110', '06-11-2022');
insert into customer (customer_id, cname, email, contact, passkey, dob) values (111, 'Myca', 'mmatityahua@pbs.org', '7738559503', 'Myca111', '26-06-2022');
insert into customer (customer_id, cname, email, contact, passkey, dob) values (112, 'Beitris', 'btremontanab@psu.edu', '1368341018', 'Beitris112', '14-05-2022');
insert into customer (customer_id, cname, email, contact, passkey, dob) values (113, 'Jewel', 'jkenawayc@epa.gov', '2471311692', 'Jewel113', '10-02-2022');
insert into customer (customer_id, cname, email, contact, passkey, dob) values (114, 'Whit', 'wcarlesd@virginia.edu', '5022907859', 'Whit114', '21-12-2022');
insert into customer (customer_id, cname, email, contact, passkey, dob) values (115, 'Penn', 'phendriche@theatlantic.com', '1503044955', 'Penn115', '31-03-2022');
insert into customer (customer_id, cname, email, contact, passkey, dob) values (116, 'Nelie', 'nseppeyf@spiegel.de', '4903973335', 'Nelie116', '20-07-2022');
insert into customer (customer_id, cname, email, contact, passkey, dob) values (117, 'Nikolaos', 'nendeang@businesswire.com', '6273715766', 'Nikolaos117', '05-12-2022');
insert into customer (customer_id, cname, email, contact, passkey, dob) values (118, 'Kiersten', 'klindh@usnews.com', '2093872671', 'Kiersten118', '18-04-2022');
insert into customer (customer_id, cname, email, contact, passkey, dob) values (119, 'Gwyneth', 'gfradsoni@uiuc.edu', '4325473024', 'Gwyneth119', '03-05-2022');
insert into customer (customer_id, cname, email, contact, passkey, dob) values (120, 'Caresse', 'cswidenbankj@gravatar.com', '9667709632', 'Caresse120', '17-11-2022');
insert into customer (customer_id, cname, email, contact, passkey, dob) values (121, 'Gaby', 'gchantlerk@foxnews.com', '2939353052', 'Gaby121', '11-03-2022');
insert into customer (customer_id, cname, email, contact, passkey, dob) values (122, 'Marlie', 'mmosebyl@photobucket.com', '7113892919', 'Marlie122', '27-07-2022');
insert into customer (customer_id, cname, email, contact, passkey, dob) values (123, 'Ulrika', 'ubainem@xinhuanet.com', '9359271799', 'Ulrika123', '26-02-2022');
insert into customer (customer_id, cname, email, contact, passkey, dob) values (124, 'Chantal', 'cfibbittsn@altervista.org', '6928764387', 'Chantal124', '18-02-2022');
insert into customer (customer_id, cname, email, contact, passkey, dob) values (125, 'Ulrica', 'udealeyo@virginia.edu', '5901557976', 'Ulrica125', '05-03-2022');
insert into product (product_id, pname) values (201, 'umbrella');
insert into product (product_id, pname) values (202, 'charger');
insert into product (product_id, pname) values (203, 'sneakers');
insert into product (product_id, pname) values (204, 'popcorn');
insert into product (product_id, pname) values (205, 'sneakers');
insert into product (product_id, pname) values (206, 'microphone');
insert into product (product_id, pname) values (207, 'perfume');
insert into product (product_id, pname) values (208, 'slippers');
insert into product (product_id, pname) values (209, 'wallet');
insert into product (product_id, pname) values (210, 'lamp');
insert into product (product_id, pname) values (211, 'microphone');
insert into product (product_id, pname) values (212, 'candle');
insert into product (product_id, pname) values (213, 'microphone');
insert into product (product_id, pname) values (214, 'microphone');
insert into product (product_id, pname) values (215, 'conditioner');
insert into product (product_id, pname) values (216, 'sailboat');
insert into product (product_id, pname) values (217, 'dumbbell');
insert into product (product_id, pname) values (218, 'keyboard');
insert into product (product_id, pname) values (219, 'beardtrimmer');
insert into product (product_id, pname) values (220, 'sweater');
insert into product (product_id, pname) values (221, 'conditioner');
insert into product (product_id, pname) values (222, 'pillow');
insert into product (product_id, pname) values (223, 'lipstick');
insert into product (product_id, pname) values (224, 'popcorn');
insert into product (product_id, pname) values (225, 'lipstick');
insert into payment (payment_id, mode, status) values (401, 'COD', 'Successful');
insert into payment (payment_id, mode, status) values (402, 'COD', 'Failed');
insert into payment (payment_id, mode, status) values (403, 'Wallet', 'Pending');
insert into payment (payment_id, mode, status) values (404, 'UPI', 'Failed');
insert into payment (payment_id, mode, status) values (405, 'Card', 'Pending');
insert into payment (payment_id, mode, status) values (406, 'UPI', 'Pending');
insert into payment (payment_id, mode, status) values (407, 'UPI', 'Successful');
insert into payment (payment_id, mode, status) values (408, 'UPI', 'Pending');
insert into payment (payment_id, mode, status) values (409, 'COD', 'Successful');
insert into payment (payment_id, mode, status) values (410, 'Wallet', 'Failed');
insert into Orders (order_id, status, date, customer_id, payment_id) values (301, 'Delivered', '04-01-2023', 121, 401);
insert into Orders (order_id, status, date, customer_id, payment_id) values (302, 'Ordered', '10-02-2023', 108, 406);
insert into Orders (order_id, status, date, customer_id, payment_id) values (303, 'Ordered', '19-03-2023', 104, 402);
insert into Orders (order_id, status, date, customer_id, payment_id) values (304, 'Delivered', '12-01-2023', 120, 407);
insert into Orders (order_id, status, date, customer_id, payment_id) values (305, 'Delivered', '31-01-2023', 110, 409);
insert into Orders (order_id, status, date, customer_id, payment_id) values (306, 'Cancelled', '01-01-2023', 124, 410);
insert into Orders (order_id, status, date, customer_id, payment_id) values (307, 'Delivered', '06-03-2023', 110, 408);
insert into Orders (order_id, status, date, customer_id, payment_id) values (308, 'Shipment', '15-03-2023', 123, 404);
insert into Orders (order_id, status, date, customer_id, payment_id) values (309, 'Ordered', '21-02-2023', 124, 405);
insert into Orders (order_id, status, date, customer_id, payment_id) values (310, 'Shipment', '12-03-2023', 112, 403);
insert into address (apartment, street, city, state, pincode, customer_id) values (82, 'Stephen', 'Gaithersburg', 'Maryland', '20883', 109);
insert into address (apartment, street, city, state, pincode, customer_id) values (30, 'Barnett', 'Omaha', 'Nebraska', '68179', 119);
insert into address (apartment, street, city, state, pincode, customer_id) values (66, 'Porter', 'Austin', 'Texas', '78715', 105);
insert into address (apartment, street, city, state, pincode, customer_id) values (93, 'Holy Cross', 'Austin', 'Texas', '78778', 102);
insert into address (apartment, street, city, state, pincode, customer_id) values (93, 'Gulseth', 'Worcester', 'Massachusetts', '01610', 115);
insert into address (apartment, street, city, state, pincode, customer_id) values (21, 'Dryden', 'Plano', 'Texas', '75074', 115);
insert into address (apartment, street, city, state, pincode, customer_id) values (99, 'Park Meadow', 'Lexington', 'Kentucky', '40576', 125);
insert into address (apartment, street, city, state, pincode, customer_id) values (43, 'Kings', 'Amarillo', 'Texas', '79171', 122);
insert into address (apartment, street, city, state, pincode, customer_id) values (98, 'Mallard', 'Topeka', 'Kansas', '66622', 113);
insert into address (apartment, street, city, state, pincode, customer_id) values (31, 'Hermina', 'Detroit', 'Michigan', '48275', 115);
insert into address (apartment, street, city, state, pincode, customer_id) values (18, 'Rigney', 'Colorado Springs', 'Colorado', '80915', 117);
insert into address (apartment, street, city, state, pincode, customer_id) values (10, '3rd', 'Houston', 'Texas', '77206', 121);
insert into address (apartment, street, city, state, pincode, customer_id) values (14, 'Hooker', 'Akron', 'Ohio', '44329', 105);
insert into address (apartment, street, city, state, pincode, customer_id) values (92, 'Garrison', 'Amarillo', 'Texas', '79116', 107);
insert into address (apartment, street, city, state, pincode, customer_id) values (60, 'Springs', 'Springfield', 'Illinois', '62776', 125);
insert into address (apartment, street, city, state, pincode, customer_id) values (64, 'Fisk', 'Fairbanks', 'Alaska', '99709', 107);
insert into address (apartment, street, city, state, pincode, customer_id) values (10, 'Lakeland', 'Kansas City', 'Missouri', '64149', 102);
insert into address (apartment, street, city, state, pincode, customer_id) values (22, 'Lake View', 'Pocatello', 'Idaho', '83206', 119);
insert into address (apartment, street, city, state, pincode, customer_id) values (79, 'Blue Bill Park', 'San Diego', 'California', '92132', 101);
insert into address (apartment, street, city, state, pincode, customer_id) values (94, 'Cardinal', 'Shawnee Mission', 'Kansas', '66286', 120);
insert into address (apartment, street, city, state, pincode, customer_id) values (57, 'Sundown', 'Van Nuys', 'California', '91411', 110);
insert into address (apartment, street, city, state, pincode, customer_id) values (40, 'Maryland', 'Decatur', 'Georgia', '30089', 102);
insert into address (apartment, street, city, state, pincode, customer_id) values (19, 'Raven', 'Omaha', 'Nebraska', '68124', 115);
insert into address (apartment, street, city, state, pincode, customer_id) values (78, 'Atwood', 'Houston', 'Texas', '77095', 105);
insert into address (apartment, street, city, state, pincode, customer_id) values (45, 'Roth', 'Jackson', 'Mississippi', '39296', 123);
insert into seller (seller_id, sname, email, contact, passkey) values (501, 'Randie', 'rbilyard0@fc2.com', '8786600772', 'Randie501');
insert into seller (seller_id, sname, email, contact, passkey) values (502, 'Laureen', 'lganniclifft1@wired.com', '3993727827', 'Laureen502');
insert into seller (seller_id, sname, email, contact, passkey) values (503, 'Roshelle', 'rbentall2@marriott.com', '5713726515', 'Roshelle503');
insert into seller (seller_id, sname, email, contact, passkey) values (504, 'Neda', 'nocuolahan3@symantec.com', '5625404281', 'Neda504');
insert into seller (seller_id, sname, email, contact, passkey) values (505, 'Farand', 'fstarkie4@skype.com', '5652634469', 'Farand505');
insert into seller (seller_id, sname, email, contact, passkey) values (506, 'Anastasie', 'adeane5@networksolutions.com', '5113735194', 'Anastasie506');
insert into seller (seller_id, sname, email, contact, passkey) values (507, 'Egor', 'ecarbonell6@ox.ac.uk', '6004409353', 'Egor507');
insert into seller (seller_id, sname, email, contact, passkey) values (508, 'Loutitia', 'loughton7@newyorker.com', '6449805754', 'Loutitia508');
insert into seller (seller_id, sname, email, contact, passkey) values (509, 'Hartley', 'hgatrell8@odnoklassniki.ru', '1567195079', 'Hartley509');
insert into seller (seller_id, sname, email, contact, passkey) values (510, 'Auroora', 'anolleau9@usa.gov', '4945185667', 'Auroora510');
insert into seller (seller_id, sname, email, contact, passkey) values (511, 'Corinne', 'cpierrepointa@e-recht24.de', '8424042642', 'Corinne511');
insert into seller (seller_id, sname, email, contact, passkey) values (512, 'Robinia', 'rbelfeltb@smugmug.com', '7857638113', 'Robinia512');
insert into seller (seller_id, sname, email, contact, passkey) values (513, 'Kally', 'kphettiplacec@xinhuanet.com', '7911886517', 'Kally513');
insert into seller (seller_id, sname, email, contact, passkey) values (514, 'Bob', 'bhaythd@livejournal.com', '9979450247', 'Bob514');
insert into seller (seller_id, sname, email, contact, passkey) values (515, 'Anthiathia', 'amoppette@mtv.com', '2395543096', 'Anthiathia515');
insert into seller (seller_id, sname, email, contact, passkey) values (516, 'Justis', 'jinglestonf@quantcast.com', '5856478102', 'Justis516');
insert into seller (seller_id, sname, email, contact, passkey) values (517, 'Bellina', 'bduffg@fc2.com', '3241629652', 'Bellina517');
insert into seller (seller_id, sname, email, contact, passkey) values (518, 'Annissa', 'acrowcombeh@symantec.com', '9567674356', 'Annissa518');
insert into seller (seller_id, sname, email, contact, passkey) values (519, 'Arin', 'apreenei@businessinsider.com', '2257701730', 'Arin519');
insert into seller (seller_id, sname, email, contact, passkey) values (520, 'Delmar', 'dkittimanj@live.com', '5847525959', 'Delmar520');
insert into seller (seller_id, sname, email, contact, passkey) values (521, 'Con', 'cschubuserk@sciencedirect.com', '9222261999', 'Con521');
insert into seller (seller_id, sname, email, contact, passkey) values (522, 'Jeffrey', 'jgotcliffel@japanpost.jp', '6787684733', 'Jeffrey522');
insert into seller (seller_id, sname, email, contact, passkey) values (523, 'Heriberto', 'hwerndleym@yolasite.com', '9091335606', 'Heriberto523');
insert into seller (seller_id, sname, email, contact, passkey) values (524, 'Loralee', 'lmoarn@mapy.cz', '8362083580', 'Loralee524');
insert into seller (seller_id, sname, email, contact, passkey) values (525, 'Moyra', 'mhackino@latimes.com', '1387771372', 'Moyra525');
insert into sells (seller_id, product_id, stock, price) values (518, 205, 21, 387);
insert into sells (seller_id, product_id, stock, price) values (523, 206, 19, 606);
insert into sells (seller_id, product_id, stock, price) values (508, 204, 18, 87);
insert into sells (seller_id, product_id, stock, price) values (503, 216, 8, 710);
insert into sells (seller_id, product_id, stock, price) values (516, 216, 24, 887);
insert into sells (seller_id, product_id, stock, price) values (510, 216, 20, 598);
insert into sells (seller_id, product_id, stock, price) values (522, 210, 23, 439);
insert into sells (seller_id, product_id, stock, price) values (514, 206, 10, 535);
insert into sells (seller_id, product_id, stock, price) values (501, 206, 6, 887);
insert into sells (seller_id, product_id, stock, price) values (511, 212, 25, 873);
insert into sells (seller_id, product_id, stock, price) values (508, 225, 7, 370);
insert into sells (seller_id, product_id, stock, price) values (504, 220, 11, 548);
insert into sells (seller_id, product_id, stock, price) values (515, 215, 15, 901);
insert into sells (seller_id, product_id, stock, price) values (521, 205, 11, 80);
insert into sells (seller_id, product_id, stock, price) values (517, 209, 5, 696);
insert into sells (seller_id, product_id, stock, price) values (512, 215, 17, 417);
insert into sells (seller_id, product_id, stock, price) values (513, 212, 16, 939);
insert into sells (seller_id, product_id, stock, price) values (525, 220, 13, 915);
insert into sells (seller_id, product_id, stock, price) values (511, 214, 18, 838);
insert into sells (seller_id, product_id, stock, price) values (508, 216, 24, 913);
insert into sells (seller_id, product_id, stock, price) values (502, 220, 17, 176);
insert into sells (seller_id, product_id, stock, price) values (506, 223, 6, 795);
insert into sells (seller_id, product_id, stock, price) values (520, 211, 17, 20);
insert into sells (seller_id, product_id, stock, price) values (525, 213, 18, 856);
insert into sells (seller_id, product_id, stock, price) values (505, 214, 5, 45);
insert into contains (seller_id, product_id, counts, cost, order_id) values (520, 211, 7, 20, 301);
insert into contains (seller_id, product_id, counts, cost, order_id) values (508, 225, 3, 370, 302);
insert into contains (seller_id, product_id, counts, cost, order_id) values (516, 216, 4, 887, 303);
insert into contains (seller_id, product_id, counts, cost, order_id) values (508, 204, 8, 87, 304);
insert into contains (seller_id, product_id, counts, cost, order_id) values (521, 205, 6, 80, 305);
 umbrella       
 charger        
 sneakers       
 popcorn        
 perfume        
 slippers       
 wallet         
 lamp           
 microphone     
 candle         
 conditioner    
 sailboat       
 dumbbell       
 keyboard       
 beardtrimmer   
 sweater        
 pillow         
 lipstick       
 speaker        
 fan            
 pen            
 blanket        
 football       
 volleyball     
 badminton  


address
customer
product
orders
payment
seller
sells
cart
contains